,date,ret
32937,2004-01-28,-0.014186
32938,2004-01-29,0.001366
32939,2004-01-30,-0.000616
32940,2004-02-02,0.002934
32941,2004-02-03,0.000129
32942,2004-02-04,-0.009921
32943,2004-02-05,0.00228
32944,2004-02-06,0.014348
32945,2004-02-09,-0.0004
32946,2004-02-10,0.005811
32947,2004-02-11,0.010257
32948,2004-02-12,-0.004532
32949,2004-02-13,-0.00532
32950,2004-02-17,0.009802
32951,2004-02-18,-0.004462
32952,2004-02-19,-0.005333
32953,2004-02-20,-0.003535
32954,2004-02-23,-0.00503
32955,2004-02-24,-0.00097
32956,2004-02-25,0.005122
32957,2004-02-26,0.002926
32958,2004-02-27,0.001566
32959,2004-03-01,0.010248
32960,2004-03-02,-0.005627
32961,2004-03-03,0.001201
32962,2004-03-04,0.004562
32963,2004-03-05,0.002974
32964,2004-03-08,-0.008042
32965,2004-03-09,-0.006624
32966,2004-03-10,-0.015174000000000003
32967,2004-03-11,-0.013986000000000002
32968,2004-03-12,0.012785
32969,2004-03-15,-0.015542
32970,2004-03-16,0.004597
32971,2004-03-17,0.012465
32972,2004-03-18,-0.0015
32973,2004-03-19,-0.009451
32974,2004-03-22,-0.014016
32975,2004-03-23,-0.0006940000000000001
32976,2004-03-24,-0.003346
32977,2004-03-25,0.016656
32978,2004-03-26,0.000327
32979,2004-03-29,0.013132
32980,2004-03-30,0.005166
32981,2004-03-31,0.000196
32982,2004-04-01,0.006666
32983,2004-04-02,0.008592
32984,2004-04-05,0.006556
32985,2004-04-06,-0.00345
32986,2004-04-07,-0.004299
32987,2004-04-08,-0.001938
32988,2004-04-12,0.003961999999999999
32989,2004-04-13,-0.014924000000000003
32990,2004-04-14,-0.003324
32991,2004-04-15,-8.2e-05
32992,2004-04-16,0.004869
32993,2004-04-19,0.002223
32994,2004-04-20,-0.015426
32995,2004-04-21,0.005474000000000001
32996,2004-04-22,0.014496
32997,2004-04-23,-0.000306
32998,2004-04-26,-0.003132
32999,2004-04-27,0.001196
33000,2004-04-28,-0.015813
33001,2004-04-29,-0.008793
33002,2004-04-30,-0.006456999999999999
33003,2004-05-03,0.008485
33004,2004-05-04,0.003537
33005,2004-05-05,0.002455
33006,2004-05-06,-0.008366
33007,2004-05-07,-0.015959
33008,2004-05-10,-0.013775
33009,2004-05-11,0.00989
33010,2004-05-12,0.00116
33011,2004-05-13,-0.0008759999999999999
33012,2004-05-14,-0.001335
33013,2004-05-17,-0.010752
33014,2004-05-18,0.0077909999999999984
33015,2004-05-19,-0.001133
33016,2004-05-20,0.000392
33017,2004-05-21,0.004468
33018,2004-05-24,0.003709000000000001
33019,2004-05-25,0.016326
33020,2004-05-26,0.002683
33021,2004-05-27,0.005661
33022,2004-05-28,0.000315
33023,2004-06-01,0.001376
33024,2004-06-02,0.0029460000000000003
33025,2004-06-03,-0.008543
33026,2004-06-04,0.006059
33027,2004-06-07,0.015579
33028,2004-06-08,0.000591
33029,2004-06-09,-0.010734
33030,2004-06-10,0.003555
33031,2004-06-14,-0.011038
33032,2004-06-15,0.007984
33033,2004-06-16,0.001385
33034,2004-06-17,-0.000465
33035,2004-06-18,0.00218
33036,2004-06-21,-0.003701
33037,2004-06-22,0.003833
33038,2004-06-23,0.008847
33039,2004-06-24,-0.001963
33040,2004-06-25,-0.001975
33041,2004-06-28,-0.002295
33042,2004-06-29,0.002705
33043,2004-06-30,0.005476
33044,2004-07-01,-0.009919
33045,2004-07-02,-0.001822
33046,2004-07-06,-0.008961
33047,2004-07-07,0.001941
33048,2004-07-08,-0.009204
33049,2004-07-09,0.003278
33050,2004-07-12,5.600000000000001e-05
33051,2004-07-13,0.000521
33052,2004-07-14,-0.002641
33053,2004-07-15,-0.003301
33054,2004-07-16,-0.004657
33055,2004-07-19,-0.000598
33056,2004-07-20,0.0074680000000000015
33057,2004-07-21,-0.014464
33058,2004-07-22,0.0008179999999999999
33059,2004-07-23,-0.010186
33060,2004-07-26,-0.004682
33061,2004-07-27,0.010385
33062,2004-07-28,-0.000162
33063,2004-07-29,0.00665
33064,2004-07-30,0.001471
33065,2004-08-02,0.003532
33066,2004-08-03,-0.006662
33067,2004-08-04,-0.002272
33068,2004-08-05,-0.015919
33069,2004-08-06,-0.014944
33070,2004-08-09,0.000131
33071,2004-08-10,0.013192
33072,2004-08-11,-0.003383
33073,2004-08-12,-0.01163
33074,2004-08-13,0.001961
33075,2004-08-16,0.013976
33076,2004-08-17,0.002928
33077,2004-08-18,0.012865
33078,2004-08-19,-0.003137
33079,2004-08-20,0.00817
33080,2004-08-23,-0.003438
33081,2004-08-24,0.0005780000000000001
33082,2004-08-25,0.007997
33083,2004-08-26,-0.000349
33084,2004-08-27,0.002979
33085,2004-08-30,-0.008134
33086,2004-08-31,0.00509
33087,2004-09-01,0.003412
33088,2004-09-02,0.010564
33089,2004-09-03,-0.004239
33090,2004-09-07,0.007453
33091,2004-09-08,-0.004531
33092,2004-09-09,0.003148
33093,2004-09-10,0.004988
33094,2004-09-13,0.003105
33095,2004-09-14,0.001934
33096,2004-09-15,-0.006371
33097,2004-09-16,0.004133
33098,2004-09-17,0.00335
33099,2004-09-20,-0.004635
33100,2004-09-21,0.007495999999999998
33101,2004-09-22,-0.012931
33102,2004-09-23,-0.00345
33103,2004-09-24,0.001519
33104,2004-09-27,-0.006774
33105,2004-09-28,0.00659
33106,2004-09-29,0.004723
33107,2004-09-30,0.001208
33108,2004-10-01,0.014764
33109,2004-10-04,0.00369
33110,2004-10-05,-0.000531
33111,2004-10-06,0.0069310000000000005
33112,2004-10-07,-0.01023
33113,2004-10-08,-0.006684999999999999
33114,2004-10-11,0.001708
33115,2004-10-12,-0.00238
33116,2004-10-13,-0.0073430000000000014
33117,2004-10-14,-0.008121
33118,2004-10-15,0.004777
33119,2004-10-18,0.004416
33120,2004-10-19,-0.00866
33121,2004-10-20,0.001842
33122,2004-10-21,0.004423
33123,2004-10-22,-0.009262
33124,2004-10-25,-0.00011
33125,2004-10-26,0.013015
33126,2004-10-27,0.012514
33127,2004-10-28,0.0011220000000000002
33128,2004-10-29,0.002336
33129,2004-11-01,0.0008119999999999999
33130,2004-11-02,1.8e-05
33131,2004-11-03,0.011648
33132,2004-11-04,0.014316999999999996
33133,2004-11-05,0.003822
33134,2004-11-08,-0.00126
33135,2004-11-09,0.000579
33136,2004-11-10,0.000522
33137,2004-11-11,0.008922
33138,2004-11-12,0.008834
33139,2004-11-15,0.000479
33140,2004-11-16,-0.005983
33141,2004-11-17,0.006101
33142,2004-11-18,0.000177
33143,2004-11-19,-0.009894
33144,2004-11-22,0.006183
33145,2004-11-23,0.000872
33146,2004-11-24,0.005135
33147,2004-11-26,0.001803
33148,2004-11-29,-0.002263
33149,2004-11-30,-0.00329
33150,2004-12-01,0.014071
33151,2004-12-02,-0.001615
33152,2004-12-03,0.001252
33153,2004-12-06,-0.001272
33154,2004-12-07,-0.011595
33155,2004-12-08,0.004089
33156,2004-12-09,0.004163
33157,2004-12-10,-0.000321
33158,2004-12-13,0.008512
33159,2004-12-14,0.0043
33160,2004-12-15,0.003769
33161,2004-12-16,-0.0032630000000000003
33162,2004-12-17,-0.004301
33163,2004-12-20,-0.000796
33164,2004-12-21,0.008995999999999999
33165,2004-12-22,0.0034770000000000005
33166,2004-12-23,0.001099
33167,2004-12-27,-0.003971
33168,2004-12-28,0.008061
33169,2004-12-29,0.000634
33170,2004-12-30,0.000697
33171,2004-12-31,-0.001005
33172,2005-01-03,-0.010031
33173,2005-01-04,-0.012804
33174,2005-01-05,-0.006122
33175,2005-01-06,0.003482
33176,2005-01-07,-0.00222
33177,2005-01-10,0.004219
33178,2005-01-11,-0.006278
33179,2005-01-12,0.004211
33180,2005-01-13,-0.006862999999999999
33181,2005-01-14,0.006237
33182,2005-01-18,0.009228
33183,2005-01-19,-0.008922
33184,2005-01-20,-0.007465
33185,2005-01-21,-0.004616
33186,2005-01-24,-0.0048850000000000005
33187,2005-01-25,0.002687
33188,2005-01-26,0.0064
33189,2005-01-27,0.000683
33190,2005-01-28,-0.00283
33191,2005-01-31,0.009456
33192,2005-02-01,0.006866
33193,2005-02-02,0.003879
33194,2005-02-03,-0.002609
33195,2005-02-04,0.010818
33196,2005-02-07,-0.0013310000000000002
33197,2005-02-08,0.001189
33198,2005-02-09,-0.008987
33199,2005-02-10,0.004488000000000001
33200,2005-02-11,0.007829000000000001
33201,2005-02-14,0.001129
33202,2005-02-15,0.002766
33203,2005-02-16,0.001002
33204,2005-02-17,-0.007121
33205,2005-02-18,0.000173
33206,2005-02-22,-0.013723
33207,2005-02-23,0.004849
33208,2005-02-24,0.007578
33209,2005-02-25,0.009857
33210,2005-02-28,-0.005804999999999999
33211,2005-03-01,0.005388
33212,2005-03-02,0.000324
33213,2005-03-03,0.0004480000000000001
33214,2005-03-04,0.009634
33215,2005-03-07,0.002396
33216,2005-03-08,-0.004367
33217,2005-03-09,-0.00949
33218,2005-03-10,-0.000288
33219,2005-03-11,-0.005028
33220,2005-03-14,0.0057
33221,2005-03-15,-0.006292
33222,2005-03-16,-0.007737999999999998
33223,2005-03-17,0.002439
33224,2005-03-18,-0.001551
33225,2005-03-21,-0.004379999999999999
33226,2005-03-22,-0.008718
33227,2005-03-23,-0.002602
33228,2005-03-24,0.00035
33229,2005-03-28,0.000875
33230,2005-03-29,-0.008083
33231,2005-03-30,0.013138999999999998
33232,2005-03-31,0.001235
33233,2005-04-01,-0.005484
33234,2005-04-04,0.002123
33235,2005-04-05,0.003686
33236,2005-04-06,0.002552
33237,2005-04-07,0.005286
33238,2005-04-08,-0.008445999999999999
33239,2005-04-11,-0.0007700000000000001
33240,2005-04-12,0.005014
33241,2005-04-13,-0.01183
33242,2005-04-14,-0.011058
33243,2005-04-15,-0.015776
33244,2005-04-18,0.003009
33245,2005-04-19,0.008083
33246,2005-04-20,-0.012649
33247,2005-04-21,0.017863
33248,2005-04-22,-0.007112
33249,2005-04-25,0.00894
33250,2005-04-26,-0.008555
33251,2005-04-27,0.001882
33252,2005-04-28,-0.011558
33253,2005-04-29,0.0101
33254,2005-05-02,0.005297
33255,2005-05-03,-0.000978
33256,2005-05-04,0.013062
33257,2005-05-05,-0.0013039999999999998
33258,2005-05-06,-8e-05
33259,2005-05-09,0.006437000000000001
33260,2005-05-10,-0.009782
33261,2005-05-11,0.0032600000000000003
33262,2005-05-12,-0.010557
33263,2005-05-13,-0.005125
33264,2005-05-16,0.00972
33265,2005-05-17,0.006681
33266,2005-05-18,0.011391
33267,2005-05-19,0.004915
33268,2005-05-20,-0.001387
33269,2005-05-23,0.004608
33270,2005-05-24,0.000439
33271,2005-05-25,-0.004286
33272,2005-05-26,0.006905
33273,2005-05-27,0.002757
33274,2005-05-31,-0.004244
33275,2005-06-01,0.008962000000000001
33276,2005-06-02,0.00223
33277,2005-06-03,-0.005831
33278,2005-06-06,0.001709
33279,2005-06-07,3.6e-05
33280,2005-06-08,-0.0023
33281,2005-06-09,0.005716
33282,2005-06-10,-0.001462
33283,2005-06-13,0.002672
33284,2005-06-14,0.003114
33285,2005-06-15,0.0028940000000000003
33286,2005-06-16,0.00513
33287,2005-06-17,0.003988
33288,2005-06-20,-0.00082
33289,2005-06-21,-0.001899
33290,2005-06-22,0.001043
33291,2005-06-23,-0.009886
33292,2005-06-24,-0.0066170000000000005
33293,2005-06-27,-0.0004280000000000001
33294,2005-06-28,0.009697
33295,2005-06-29,-0.000377
33296,2005-06-30,-0.005905
33297,2005-07-01,0.003714
33298,2005-07-05,0.008493
33299,2005-07-06,-0.006069
33300,2005-07-07,0.002716
33301,2005-07-08,0.011955
33302,2005-07-11,0.007194
33303,2005-07-12,0.002647
33304,2005-07-13,-0.000214
33305,2005-07-14,0.00045
33306,2005-07-15,0.000999
33307,2005-07-18,-0.004747
33308,2005-07-19,0.007998
33309,2005-07-20,0.00559
33310,2005-07-21,-0.006793
33311,2005-07-22,0.005729
33312,2005-07-25,-0.004218
33313,2005-07-26,0.001943
33314,2005-07-27,0.004462
33315,2005-07-28,0.007123
33316,2005-07-29,-0.006243
33317,2005-08-01,0.002079
33318,2005-08-02,0.007239
33319,2005-08-03,-0.00018
33320,2005-08-04,-0.007439
33321,2005-08-05,-0.008493
33322,2005-08-08,-0.003114
33323,2005-08-09,0.005463
33324,2005-08-10,-0.000376
33325,2005-08-11,0.007423999999999998
33326,2005-08-12,-0.005024
33327,2005-08-15,0.002584
33328,2005-08-16,-0.011447
33329,2005-08-17,-0.000617
33330,2005-08-18,-0.0020870000000000003
33331,2005-08-19,0.001963
33332,2005-08-22,0.002569
33333,2005-08-23,-0.002845
33334,2005-08-24,-0.004396
33335,2005-08-25,0.002226
33336,2005-08-26,-0.006719
33337,2005-08-29,0.00615
33338,2005-08-30,-0.002337
33339,2005-08-31,0.011697
33340,2005-09-01,0.002375
33341,2005-09-02,-0.0036
33342,2005-09-06,0.011811
33343,2005-09-07,0.002847
33344,2005-09-08,-0.00335
33345,2005-09-09,0.007793
33346,2005-09-12,-0.0006309999999999999
33347,2005-09-13,-0.00707
33348,2005-09-14,-0.003392
33349,2005-09-15,-3.5e-05
33350,2005-09-16,0.007277
33351,2005-09-19,-0.004324000000000001
33352,2005-09-20,-0.007402
33353,2005-09-21,-0.009381
33354,2005-09-22,0.002149
33355,2005-09-23,0.001575
33356,2005-09-26,0.002407
33357,2005-09-27,-0.000293
33358,2005-09-28,0.00099
33359,2005-09-29,0.008598999999999999
33360,2005-09-30,0.002456
33361,2005-10-03,0.000353
33362,2005-10-04,-0.009607
33363,2005-10-05,-0.016789
33364,2005-10-06,-0.006226
33365,2005-10-07,0.004771
33366,2005-10-10,-0.007361
33367,2005-10-11,-0.002702
33368,2005-10-12,-0.008163
33369,2005-10-13,-0.0020670000000000003
33370,2005-10-14,0.009521
33371,2005-10-17,0.003407
33372,2005-10-18,-0.010894
33373,2005-10-19,0.014089
33374,2005-10-20,-0.014741
33375,2005-10-21,0.003569
33376,2005-10-24,0.017021
33377,2005-10-25,-0.002122
33378,2005-10-26,-0.004535
33379,2005-10-27,-0.01214
33380,2005-10-28,0.015052
33381,2005-10-31,0.009518
33382,2005-11-01,-0.002218
33383,2005-11-02,0.012028
33384,2005-11-03,0.004203
33385,2005-11-04,-0.000344
33386,2005-11-07,0.002361
33387,2005-11-08,-0.0033710000000000003
33388,2005-11-09,0.001984
33389,2005-11-10,0.006998000000000001
33390,2005-11-11,0.0034770000000000005
33391,2005-11-14,-0.000816
33392,2005-11-15,-0.0046700000000000005
33393,2005-11-16,0.001538
33394,2005-11-17,0.010693
33395,2005-11-18,0.004055
33396,2005-11-21,0.006441
33397,2005-11-22,0.00548
33398,2005-11-23,0.0033380000000000003
33399,2005-11-25,0.002474
33400,2005-11-28,-0.009931
33401,2005-11-29,0.00031
33402,2005-11-30,-0.0041270000000000005
33403,2005-12-01,0.013263
33404,2005-12-02,0.00104
33405,2005-12-05,-0.002593
33406,2005-12-06,0.001562
33407,2005-12-07,-0.004394
33408,2005-12-08,0.000352
33409,2005-12-09,0.002605
33410,2005-12-12,0.001396
33411,2005-12-13,0.004147
33412,2005-12-14,0.003033
33413,2005-12-15,-0.002832
33414,2005-12-16,-0.002414
33415,2005-12-19,-0.007147
33416,2005-12-20,2.5e-05
33417,2005-12-21,0.003787
33418,2005-12-22,0.004625
33419,2005-12-23,0.000983
33420,2005-12-27,-0.00981
33421,2005-12-28,0.002854
33422,2005-12-29,-0.002346
33423,2005-12-30,-0.004413
33424,2006-01-03,0.016412
33425,2006-01-04,0.005520000000000001
33426,2006-01-05,-0.000335
33427,2006-01-06,0.009804
33428,2006-01-09,0.0043100000000000005
33429,2006-01-10,0.000984
33430,2006-01-11,0.003199
33431,2006-01-12,-0.00628
33432,2006-01-13,0.001439
33433,2006-01-17,-0.0034200000000000003
33434,2006-01-18,-0.004251
33435,2006-01-19,0.007661
33436,2006-01-20,-0.015944999999999997
33437,2006-01-23,0.003153
33438,2006-01-24,0.004172
33439,2006-01-25,-0.002229
33440,2006-01-26,0.008206999999999999
33441,2006-01-27,0.0070430000000000015
33442,2006-01-30,0.001837
33443,2006-01-31,-0.001532
33444,2006-02-01,0.001464
33445,2006-02-02,-0.008453
33446,2006-02-03,-0.004865
33447,2006-02-06,0.002141
33448,2006-02-07,-0.010211
33449,2006-02-08,0.006766
33450,2006-02-09,-0.00172
33451,2006-02-10,0.000948
33452,2006-02-13,-0.004784
33453,2006-02-14,0.009489
33454,2006-02-15,0.003465
33455,2006-02-16,0.007795999999999998
33456,2006-02-17,-0.0005690000000000001
33457,2006-02-21,-0.002572
33458,2006-02-22,0.006633
33459,2006-02-23,-0.002802
33460,2006-02-24,0.00234
33461,2006-02-27,0.003458
33462,2006-02-28,-0.009847
33463,2006-03-01,0.009407
33464,2006-03-02,-0.0004440000000000001
33465,2006-03-03,-0.001261
33466,2006-03-06,-0.007396
33467,2006-03-07,-0.005323
33468,2006-03-08,0.000701
33469,2006-03-09,-0.004217
33470,2006-03-10,0.007388
33471,2006-03-13,0.0027760000000000003
33472,2006-03-14,0.010221
33473,2006-03-15,0.005301
33474,2006-03-16,0.0016879999999999998
33475,2006-03-17,0.001368
33476,2006-03-20,-0.001417
33477,2006-03-21,-0.006704000000000001
33478,2006-03-22,0.005976
33479,2006-03-23,-0.001277
33480,2006-03-24,0.002592
33481,2006-03-27,-0.000992
33482,2006-03-28,-0.005285
33483,2006-03-29,0.009248
33484,2006-03-30,-0.000605
33485,2006-03-31,-0.00263
33486,2006-04-03,0.00084
33487,2006-04-04,0.0055850000000000006
33488,2006-04-05,0.004911
33489,2006-04-06,-0.0008119999999999999
33490,2006-04-07,-0.009971
33491,2006-04-10,0.000102
33492,2006-04-11,-0.008214
33493,2006-04-12,0.001734
33494,2006-04-13,0.001234
33495,2006-04-17,-0.001484
33496,2006-04-18,0.017352
33497,2006-04-19,0.004278
33498,2006-04-20,-0.0008380000000000001
33499,2006-04-21,0.0002
33500,2006-04-24,-0.002944
33501,2006-04-25,-0.004009
33502,2006-04-26,0.00215
33503,2006-04-27,0.001832
33504,2006-04-28,0.001321
33505,2006-05-01,-0.003286
33506,2006-05-02,0.006057
33507,2006-05-03,-0.003148
33508,2006-05-04,0.003973
33509,2006-05-05,0.010548
33510,2006-05-08,-0.000119
33511,2006-05-09,0.0008710000000000001
33512,2006-05-10,-0.001472
33513,2006-05-11,-0.013547
33514,2006-05-12,-0.01284
33515,2006-05-15,-0.001099
33516,2006-05-16,-0.001041
33517,2006-05-17,-0.017059
33518,2006-05-18,-0.007175
33519,2006-05-19,0.004172
33520,2006-05-22,-0.006261999999999999
33521,2006-05-23,-0.003454
33522,2006-05-24,-0.000252
33523,2006-05-25,0.013924
33524,2006-05-26,0.006303
33525,2006-05-30,-0.015234
33526,2006-05-31,0.009334
33527,2006-06-01,0.012592
33528,2006-06-02,0.002576
33529,2006-06-05,-0.018885
33530,2006-06-06,-0.003571
33531,2006-06-07,-0.006566
33532,2006-06-08,-0.001107
33533,2006-06-09,-0.003272
33534,2006-06-12,-0.014856
33535,2006-06-13,-0.013068
33536,2006-06-14,0.005104
33537,2006-06-15,0.023843
33538,2006-06-16,-0.004448
33539,2006-06-19,-0.010177
33540,2006-06-20,-0.000528
33541,2006-06-21,0.011798
33542,2006-06-22,-0.004868
33543,2006-06-23,0.000928
33544,2006-06-26,0.005547
33545,2006-06-27,-0.009673
33546,2006-06-28,0.004943
33547,2006-06-29,0.023607
33548,2006-06-30,0.001024
33549,2006-07-03,0.007914000000000001
33550,2006-07-05,-0.008493
33551,2006-07-06,0.002207
33552,2006-07-07,-0.007515000000000002
33553,2006-07-10,0.000432
33554,2006-07-11,0.004157
33555,2006-07-12,-0.010937
33556,2006-07-13,-0.014155
33557,2006-07-14,-0.005292
33558,2006-07-17,-0.003581000000000001
33559,2006-07-18,0.001625
33560,2006-07-19,0.019859
33561,2006-07-20,-0.011008
33562,2006-07-21,-0.008942
33563,2006-07-24,0.017723
33564,2006-07-25,0.007587999999999998
33565,2006-07-26,0.00034
33566,2006-07-27,-0.005473
33567,2006-07-28,0.013054
33568,2006-07-31,-0.0005070000000000001
33569,2006-08-01,-0.005261999999999999
33570,2006-08-02,0.006705
33571,2006-08-03,0.002358
33572,2006-08-04,-0.001161
33573,2006-08-07,-0.0029920000000000003
33574,2006-08-08,-0.003911
33575,2006-08-09,-0.004153
33576,2006-08-10,0.0039310000000000005
33577,2006-08-11,-0.004546
33578,2006-08-14,0.000688
33579,2006-08-15,0.014929
33580,2006-08-16,0.009378
33581,2006-08-17,0.001453
33582,2006-08-18,0.002967
33583,2006-08-21,-0.003125
33584,2006-08-22,0.001257
33585,2006-08-23,-0.0051530000000000005
33586,2006-08-24,0.001265
33587,2006-08-25,-0.00029
33588,2006-08-28,0.005567
33589,2006-08-29,0.003012
33590,2006-08-30,0.001337
33591,2006-08-31,0.0008820000000000002
33592,2006-09-01,0.005059
33593,2006-09-05,0.002575
33594,2006-09-06,-0.01147
33595,2006-09-07,-0.005378
33596,2006-09-08,0.002436
33597,2006-09-11,-0.001582
33598,2006-09-12,0.011402
33599,2006-09-13,0.005103
33600,2006-09-14,-0.002186
33601,2006-09-15,0.002148
33602,2006-09-18,0.001525
33603,2006-09-19,-0.003257
33604,2006-09-20,0.005181
33605,2006-09-21,-0.004422
33606,2006-09-22,-0.003773
33607,2006-09-25,0.007917
33608,2006-09-26,0.007254999999999998
33609,2006-09-27,0.0021100000000000003
33610,2006-09-28,0.001859
33611,2006-09-29,-0.00299
33612,2006-10-02,-0.003891
33613,2006-10-03,-0.000401
33614,2006-10-04,0.012356
33615,2006-10-05,0.005072999999999999
33616,2006-10-06,-0.003105
33617,2006-10-09,0.002157
33618,2006-10-10,0.002248
33619,2006-10-11,-0.003595
33620,2006-10-12,0.010568
33621,2006-10-13,0.0033380000000000003
33622,2006-10-16,0.004353
33623,2006-10-17,-0.004593
33624,2006-10-18,0.001013
33625,2006-10-19,0.00238
33626,2006-10-20,-0.000423
33627,2006-10-23,0.005413
33628,2006-10-24,0.000816
33629,2006-10-25,0.0043560000000000005
33630,2006-10-26,0.006468000000000001
33631,2006-10-27,-0.008190000000000001
33632,2006-10-30,0.000328
33633,2006-10-31,5.9e-05
33634,2006-11-01,-0.009000000000000001
33635,2006-11-02,-0.00014099999999999998
33636,2006-11-03,-0.000309
33637,2006-11-06,0.011518
33638,2006-11-07,0.001821
33639,2006-11-08,0.003358
33640,2006-11-09,-0.004647
33641,2006-11-10,0.002154
33642,2006-11-13,0.002277
33643,2006-11-14,0.006943
33644,2006-11-15,0.004005
33645,2006-11-16,0.00113
33646,2006-11-17,0.000212
33647,2006-11-20,0.000485
33648,2006-11-21,0.003137
33649,2006-11-22,0.002996
33650,2006-11-24,-0.001904
33651,2006-11-27,-0.014726
33652,2006-11-28,0.003034
33653,2006-11-29,0.009659
33654,2006-11-30,0.001695
33655,2006-12-01,-0.002828
33656,2006-12-04,0.009988
33657,2006-12-05,0.003871
33658,2006-12-06,-0.001088
33659,2006-12-07,-0.003426
33660,2006-12-08,0.001163
33661,2006-12-11,0.0019760000000000003
33662,2006-12-12,-0.002024
33663,2006-12-13,0.001178
33664,2006-12-14,0.007670999999999998
33665,2006-12-15,1.5e-05
33666,2006-12-18,-0.004991
33667,2006-12-19,0.001881
33668,2006-12-20,-0.000624
33669,2006-12-21,-0.003827
33670,2006-12-22,-0.004549
33671,2006-12-26,0.004336
33672,2006-12-27,0.007794
33673,2006-12-28,-0.001035
33674,2006-12-29,-0.004519
33675,2007-01-03,-0.001356
33676,2007-01-04,0.000607
33677,2007-01-05,-0.007247
33678,2007-01-08,0.002557
33679,2007-01-09,-1.8e-05
33680,2007-01-10,0.002094
33681,2007-01-11,0.0072980000000000015
33682,2007-01-12,0.006144
33683,2007-01-16,0.00032900000000000003
33684,2007-01-17,-0.000606
33685,2007-01-18,-0.00478
33686,2007-01-19,0.004369
33687,2007-01-22,-0.005419
33688,2007-01-23,0.005237
33689,2007-01-24,0.008694
33690,2007-01-25,-0.010806
33691,2007-01-26,0.000139
33692,2007-01-29,0.000128
33693,2007-01-30,0.005736
33694,2007-01-31,0.006309
33695,2007-02-01,0.006272
33696,2007-02-02,0.001217
33697,2007-02-05,-0.00057
33698,2007-02-06,0.001549
33699,2007-02-07,0.002245
33700,2007-02-08,-0.0004570000000000001
33701,2007-02-09,-0.0068790000000000006
33702,2007-02-12,-0.00391
33703,2007-02-13,0.008057
33704,2007-02-14,0.007259999999999998
33705,2007-02-15,0.001731
33706,2007-02-16,0.000477
33707,2007-02-20,0.003606
33708,2007-02-21,-0.00027400000000000005
33709,2007-02-22,-0.000362
33710,2007-02-23,-0.002576
33711,2007-02-26,-0.001326
33712,2007-02-27,-0.034102999999999994
33713,2007-02-28,0.004685
33714,2007-03-01,-0.00285
33715,2007-03-02,-0.012476
33716,2007-03-05,-0.012014
33717,2007-03-06,0.016743
33718,2007-03-07,-0.0013460000000000002
33719,2007-03-08,0.007243
33720,2007-03-09,0.001628
33721,2007-03-12,0.003146
33722,2007-03-13,-0.020152
33723,2007-03-14,0.005427
33724,2007-03-15,0.004783
33725,2007-03-16,-0.003609
33726,2007-03-19,0.011054
33727,2007-03-20,0.006793
33728,2007-03-21,0.016755000000000003
33729,2007-03-22,-0.00014199999999999998
33730,2007-03-23,0.001714
33731,2007-03-26,0.000552
33732,2007-03-27,-0.005695
33733,2007-03-28,-0.006998000000000001
33734,2007-03-29,0.003514
33735,2007-03-30,-0.000367
33736,2007-04-02,0.003036
33737,2007-04-03,0.008919
33738,2007-04-04,0.001489
33739,2007-04-05,0.003627
33740,2007-04-09,0.000587
33741,2007-04-10,0.0026920000000000004
33742,2007-04-11,-0.005862
33743,2007-04-12,0.006381
33744,2007-04-13,0.003734
33745,2007-04-16,0.010487
33746,2007-04-17,0.001029
33747,2007-04-18,0.000314
33748,2007-04-19,-0.0028
33749,2007-04-20,0.009335
33750,2007-04-23,-0.0017280000000000002
33751,2007-04-24,-0.000743
33752,2007-04-25,0.009474
33753,2007-04-26,-0.000575
33754,2007-04-27,-0.000787
33755,2007-04-30,-0.009285
33756,2007-05-01,0.001748
33757,2007-05-02,0.008281
33758,2007-05-03,0.003888
33759,2007-05-04,0.002887
33760,2007-05-07,0.0026030000000000003
33761,2007-05-08,-0.001402
33762,2007-05-09,0.003685
33763,2007-05-10,-0.013744
33764,2007-05-11,0.010358
33765,2007-05-14,-0.0027
33766,2007-05-15,-0.001858
33767,2007-05-16,0.007334
33768,2007-05-17,-0.000504
33769,2007-05-18,0.006784
33770,2007-05-21,0.003246
33771,2007-05-22,0.000937
33772,2007-05-23,-0.000939
33773,2007-05-24,-0.011322
33774,2007-05-25,0.006379
33775,2007-05-29,0.003061
33776,2007-05-30,0.008236
33777,2007-05-31,0.0016079999999999998
33778,2007-06-01,0.005132
33779,2007-06-04,0.002108
33780,2007-06-05,-0.005316
33781,2007-06-06,-0.009361
33782,2007-06-07,-0.018107
33783,2007-06-08,0.010776
33784,2007-06-11,0.001117
33785,2007-06-12,-0.010829
33786,2007-06-13,0.014168
33787,2007-06-14,0.005361
33788,2007-06-15,0.007417
33789,2007-06-18,-0.000898
33790,2007-06-19,0.001778
33791,2007-06-20,-0.012711
33792,2007-06-21,0.005389
33793,2007-06-22,-0.010741
33794,2007-06-25,-0.004826
33795,2007-06-26,-0.004023
33796,2007-06-27,0.009352
33797,2007-06-28,0.000737
33798,2007-06-29,-0.000728
33799,2007-07-02,0.01141
33800,2007-07-03,0.003445
33801,2007-07-05,0.0012109999999999998
33802,2007-07-06,0.004461
33803,2007-07-09,0.001557
33804,2007-07-10,-0.01359
33805,2007-07-11,0.005065999999999999
33806,2007-07-12,0.017506999999999998
33807,2007-07-13,0.003172
33808,2007-07-16,-0.0030510000000000003
33809,2007-07-17,-8.7e-05
33810,2007-07-18,-0.001547
33811,2007-07-19,0.004876
33812,2007-07-20,-0.011674
33813,2007-07-23,0.003035
33814,2007-07-24,-0.020115
33815,2007-07-25,0.002673
33816,2007-07-26,-0.023867
33817,2007-07-27,-0.014741999999999996
33818,2007-07-30,0.0093
33819,2007-07-31,-0.010135
33820,2007-08-01,0.004121
33821,2007-08-02,0.0059700000000000005
33822,2007-08-03,-0.025937
33823,2007-08-06,0.018014
33824,2007-08-07,0.006584
33825,2007-08-08,0.015618
33826,2007-08-09,-0.026897000000000004
33827,2007-08-10,-0.000482
33828,2007-08-13,-0.000566
33829,2007-08-14,-0.019061
33830,2007-08-15,-0.015663999999999997
33831,2007-08-16,0.001857
33832,2007-08-17,0.02441
33833,2007-08-20,0.001614
33834,2007-08-21,0.002165
33835,2007-08-22,0.013029
33836,2007-08-23,-0.0016120000000000002
33837,2007-08-24,0.012341
33838,2007-08-27,-0.008306000000000001
33839,2007-08-28,-0.023434
33840,2007-08-29,0.021825
33841,2007-08-30,-0.003795
33842,2007-08-31,0.012291
33843,2007-09-04,0.011107
33844,2007-09-05,-0.010076
33845,2007-09-06,0.004425999999999999
33846,2007-09-07,-0.016224000000000002
33847,2007-09-10,-0.0029010000000000004
33848,2007-09-11,0.013512
33849,2007-09-12,0.000217
33850,2007-09-13,0.007390000000000002
33851,2007-09-14,0.001268
33852,2007-09-17,-0.005812
33853,2007-09-18,0.029284
33854,2007-09-19,0.00578
33855,2007-09-20,-0.005201
33856,2007-09-21,0.004909
33857,2007-09-24,-0.004463
33858,2007-09-25,-0.000439
33859,2007-09-26,0.005503
33860,2007-09-27,0.005353
33861,2007-09-28,-0.002693
33862,2007-10-01,0.013721
33863,2007-10-02,0.0005009999999999999
33864,2007-10-03,-0.00515
33865,2007-10-04,0.002715
33866,2007-10-05,0.011821
33867,2007-10-08,-0.003014
33868,2007-10-09,0.008053
33869,2007-10-10,-0.000231
33870,2007-10-11,-0.005192
33871,2007-10-12,0.005326
33872,2007-10-15,-0.00859
33873,2007-10-16,-0.007025
33874,2007-10-17,0.002858
33875,2007-10-18,0.000369
33876,2007-10-19,-0.024578
33877,2007-10-22,0.003271
33878,2007-10-23,0.010251
33879,2007-10-24,-0.00323
33880,2007-10-25,-0.001013
33881,2007-10-26,0.013812
33882,2007-10-29,0.005379999999999999
33883,2007-10-30,-0.006901999999999999
33884,2007-10-31,0.013184
33885,2007-11-01,-0.025891
33886,2007-11-02,0.002065
33887,2007-11-05,-0.0066170000000000005
33888,2007-11-06,0.012828
33889,2007-11-07,-0.026867
33890,2007-11-08,-0.00059
33891,2007-11-09,-0.015041999999999996
33892,2007-11-12,-0.014019
33893,2007-11-13,0.027895
33894,2007-11-14,-0.005795000000000001
33895,2007-11-15,-0.014102000000000003
33896,2007-11-16,0.004588
33897,2007-11-19,-0.018689
33898,2007-11-20,0.003993
33899,2007-11-21,-0.015272999999999997
33900,2007-11-23,0.01633
33901,2007-11-26,-0.020443
33902,2007-11-27,0.012299
33903,2007-11-28,0.029414
33904,2007-11-29,-0.00034
33905,2007-11-30,0.0071
33906,2007-12-03,-0.005526
33907,2007-12-04,-0.007238
33908,2007-12-05,0.014452
33909,2007-12-06,0.015719
33910,2007-12-07,-0.000223
33911,2007-12-10,0.007772
33912,2007-12-11,-0.025429
33913,2007-12-12,0.005691
33914,2007-12-13,-0.000987
33915,2007-12-14,-0.013464
33916,2007-12-17,-0.016025
33917,2007-12-18,0.006435
33918,2007-12-19,-0.00033
33919,2007-12-20,0.006283
33920,2007-12-21,0.017088
33921,2007-12-24,0.009139
33922,2007-12-26,0.001502
33923,2007-12-27,-0.013541
33924,2007-12-28,0.002044
33925,2007-12-31,-0.006522
33926,2008-01-02,-0.011799
33927,2008-01-03,-0.000951
33928,2008-01-04,-0.025649
33929,2008-01-07,0.000202
33930,2008-01-08,-0.017021
33931,2008-01-09,0.010008
33932,2008-01-10,0.008399
33933,2008-01-11,-0.013906
33934,2008-01-14,0.010461
33935,2008-01-15,-0.024732
33936,2008-01-16,-0.006669
33937,2008-01-17,-0.027708
33938,2008-01-18,-0.005568
33939,2008-01-22,-0.00942
33940,2008-01-23,0.019785
33941,2008-01-24,0.012549
33942,2008-01-25,-0.012996
33943,2008-01-28,0.017169
33944,2008-01-29,0.006383
33945,2008-01-30,-0.005362
33946,2008-01-31,0.014949
33947,2008-02-01,0.015984
33948,2008-02-04,-0.008978
33949,2008-02-05,-0.030844
33950,2008-02-06,-0.007995
33951,2008-02-07,0.007726
33952,2008-02-08,-0.002061
33953,2008-02-11,0.005804
33954,2008-02-12,0.006273
33955,2008-02-13,0.014371
33956,2008-02-14,-0.01321
33957,2008-02-15,-0.000453
33958,2008-02-19,0.00061
33959,2008-02-20,0.008863
33960,2008-02-21,-0.011838
33961,2008-02-22,0.006786
33962,2008-02-25,0.015084
33963,2008-02-26,0.00823
33964,2008-02-27,-0.000752
33965,2008-02-28,-0.007706999999999999
33966,2008-02-29,-0.026141
33967,2008-03-03,-0.000421
33968,2008-03-04,-0.004786
33969,2008-03-05,0.006936
33970,2008-03-06,-0.022017
33971,2008-03-07,-0.008743
33972,2008-03-10,-0.018204
33973,2008-03-11,0.035775
33974,2008-03-12,-0.0070090000000000005
33975,2008-03-13,0.0072980000000000015
33976,2008-03-14,-0.020001
33977,2008-03-17,-0.014935
33978,2008-03-18,0.039579
33979,2008-03-19,-0.02608
33980,2008-03-20,0.021198
33981,2008-03-24,0.017597
33982,2008-03-25,0.005733
33983,2008-03-26,-0.006414
33984,2008-03-27,-0.010132
33985,2008-03-28,-0.007967
33986,2008-03-31,0.005303
33987,2008-04-01,0.032131
33988,2008-04-02,0.000373
33989,2008-04-03,0.0026780000000000003
33990,2008-04-04,0.001961
33991,2008-04-07,0.0017219999999999998
33992,2008-04-08,-0.0031780000000000003
33993,2008-04-09,-0.008984
33994,2008-04-10,0.005614
33995,2008-04-11,-0.019546
33996,2008-04-14,-0.002553
33997,2008-04-15,0.00508
33998,2008-04-16,0.024167
33999,2008-04-17,-0.00121
34000,2008-04-18,0.016558
34001,2008-04-21,-0.000549
34002,2008-04-22,-0.00927
34003,2008-04-23,0.001117
34004,2008-04-24,0.005065
34005,2008-04-25,0.006925
34006,2008-04-28,0.000256
34007,2008-04-29,-0.005672
34008,2008-04-30,-0.001534
34009,2008-05-01,0.014538999999999996
34010,2008-05-02,0.003253
34011,2008-05-05,-0.002632
34012,2008-05-06,0.008433
34013,2008-05-07,-0.015897
34014,2008-05-08,0.004617
34015,2008-05-09,-0.004576
34016,2008-05-12,0.011
34017,2008-05-13,0.000773
34018,2008-05-14,0.003049
34019,2008-05-15,0.011151
34020,2008-05-16,0.002437
34021,2008-05-19,-0.0002
34022,2008-05-20,-0.005974
34023,2008-05-21,-0.015341999999999996
34024,2008-05-22,0.002913
34025,2008-05-23,-0.011547
34026,2008-05-27,0.004901
34027,2008-05-28,0.005712
34028,2008-05-29,0.004378
34029,2008-05-30,0.003255
34030,2008-06-02,-0.009000000000000001
34031,2008-06-03,-0.004852
34032,2008-06-04,-0.000893
34033,2008-06-05,0.020245
34034,2008-06-06,-0.026691000000000003
34035,2008-06-09,-0.0005780000000000001
34036,2008-06-10,-0.004987
34037,2008-06-11,-0.015188
34038,2008-06-12,0.001445
34039,2008-06-13,0.014698
34040,2008-06-16,0.003272
34041,2008-06-17,-0.003933
34042,2008-06-18,-0.008274
34043,2008-06-19,0.002409
34044,2008-06-20,-0.017481
34045,2008-06-23,-0.0008470000000000001
34046,2008-06-24,-0.006222
34047,2008-06-25,0.006261999999999999
34048,2008-06-26,-0.02619
34049,2008-06-27,-0.0024920000000000003
34050,2008-06-30,-0.001021
34051,2008-07-01,0.001835
34052,2008-07-02,-0.02098
34053,2008-07-03,-0.002414
34054,2008-07-07,-0.008579999999999999
34055,2008-07-08,0.017031
34056,2008-07-09,-0.019371
34057,2008-07-10,0.007652
34058,2008-07-11,-0.008284999999999999
34059,2008-07-14,-0.008213
34060,2008-07-15,-0.011496
34061,2008-07-16,0.024045
34062,2008-07-17,0.009662
34063,2008-07-18,0.000356
34064,2008-07-21,0.003975
34065,2008-07-22,0.011131
34066,2008-07-23,0.001833
34067,2008-07-24,-0.024308
34068,2008-07-25,0.005544
34069,2008-07-28,-0.016525
34070,2008-07-29,0.021245
34071,2008-07-30,0.016488
34072,2008-07-31,-0.011709
34073,2008-08-01,-0.005174
34074,2008-08-04,-0.013364
34075,2008-08-05,0.02449
34076,2008-08-06,0.005722
34077,2008-08-07,-0.016834000000000002
34078,2008-08-08,0.019178
34079,2008-08-11,0.006662
34080,2008-08-12,-0.009628
34081,2008-08-13,-0.000113
34082,2008-08-14,0.005063000000000001
34083,2008-08-15,0.001344
34084,2008-08-18,-0.013382
34085,2008-08-19,-0.008865999999999999
34086,2008-08-20,0.00686
34087,2008-08-21,0.003188
34088,2008-08-22,0.009519
34089,2008-08-25,-0.018542
34090,2008-08-26,0.003556
34091,2008-08-27,0.009581
34092,2008-08-28,0.014315
34093,2008-08-29,-0.011673
34094,2008-09-02,-0.006992
34095,2008-09-03,-0.002963
34096,2008-09-04,-0.028926
34097,2008-09-05,0.003849
34098,2008-09-08,0.014858
34099,2008-09-09,-0.034931
34100,2008-09-10,0.008548
34101,2008-09-11,0.010959
34102,2008-09-12,0.005352
34103,2008-09-15,-0.045666000000000005
34104,2008-09-16,0.015191
34105,2008-09-17,-0.045473
34106,2008-09-18,0.044137
34107,2008-09-19,0.046048
34108,2008-09-22,-0.036785000000000005
34109,2008-09-23,-0.015606
34110,2008-09-24,-0.003268
34111,2008-09-25,0.016569
34112,2008-09-26,-0.0019920000000000003
34113,2008-09-29,-0.08254500000000001
34114,2008-09-30,0.046622
34115,2008-10-01,-0.005668
34116,2008-10-02,-0.045656
34117,2008-10-03,-0.01429
34118,2008-10-06,-0.042414
34119,2008-10-07,-0.057907000000000014
34120,2008-10-08,-0.011615
34121,2008-10-09,-0.072737
34122,2008-10-10,-0.012086
34123,2008-10-13,0.114895
34124,2008-10-14,-0.009038
34125,2008-10-15,-0.089763
34126,2008-10-16,0.039641
34127,2008-10-17,-0.002486
34128,2008-10-20,0.046517
34129,2008-10-21,-0.031474
34130,2008-10-22,-0.059116
34131,2008-10-23,0.000893
34132,2008-10-24,-0.033442
34133,2008-10-27,-0.036945
34134,2008-10-28,0.09527
34135,2008-10-29,0.001437
34136,2008-10-30,0.031983
34137,2008-10-31,0.0181
34138,2008-11-03,-0.0006389999999999999
34139,2008-11-04,0.038998000000000005
34140,2008-11-05,-0.050708
34141,2008-11-06,-0.04909
34142,2008-11-07,0.026407
34143,2008-11-10,-0.013298
34144,2008-11-11,-0.024388
34145,2008-11-12,-0.053602
34146,2008-11-13,0.067984
34147,2008-11-14,-0.043638
34148,2008-11-17,-0.023976
34149,2008-11-18,0.005705
34150,2008-11-19,-0.063936
34151,2008-11-20,-0.070097
34152,2008-11-21,0.061103
34153,2008-11-24,0.066109
34154,2008-11-25,0.009689
34155,2008-11-26,0.038377
34156,2008-11-28,0.010105
34157,2008-12-01,-0.089366
34158,2008-12-02,0.037684
34159,2008-12-03,0.024011
34160,2008-12-04,-0.030128
34161,2008-12-05,0.036125
34162,2008-12-08,0.040405
34163,2008-12-09,-0.022344
34164,2008-12-10,0.015134
34165,2008-12-11,-0.029871
34166,2008-12-12,0.010486
34167,2008-12-15,-0.013854
34168,2008-12-16,0.052838
34169,2008-12-17,-0.004834000000000001
34170,2008-12-18,-0.020512
34171,2008-12-19,0.003896
34172,2008-12-22,-0.019133
34173,2008-12-23,-0.00759
34174,2008-12-24,0.004512
34175,2008-12-26,0.0071930000000000015
34176,2008-12-29,-0.00436
34177,2008-12-30,0.024765
34178,2008-12-31,0.017405
34179,2009-01-02,0.030501
34180,2009-01-05,-0.00058
34181,2009-01-06,0.011297
34182,2009-01-07,-0.030489
34183,2009-01-08,0.006283
34184,2009-01-09,-0.02241
34185,2009-01-12,-0.02556
34186,2009-01-13,0.003514
34187,2009-01-14,-0.035197000000000006
34188,2009-01-15,0.004632
34189,2009-01-16,0.008439
34190,2009-01-20,-0.055273
34191,2009-01-21,0.043228
34192,2009-01-22,-0.018218
34193,2009-01-23,0.006841
34194,2009-01-26,0.006132
34195,2009-01-27,0.011296
34196,2009-01-28,0.033780000000000004
34197,2009-01-29,-0.032823000000000005
34198,2009-01-30,-0.020768
34199,2009-02-02,-0.001067
34200,2009-02-03,0.014357
34201,2009-02-04,-0.00444
34202,2009-02-05,0.015526
34203,2009-02-06,0.027933
34204,2009-02-09,0.001233
34205,2009-02-10,-0.045998
34206,2009-02-11,0.0073040000000000015
34207,2009-02-12,0.002613
34208,2009-02-13,-0.008815
34209,2009-02-17,-0.045266
34210,2009-02-18,-0.003761
34211,2009-02-19,-0.01117
34212,2009-02-20,-0.011762
34213,2009-02-23,-0.036124
34214,2009-02-24,0.040182
34215,2009-02-25,-0.010666
34216,2009-02-26,-0.012148
34217,2009-02-27,-0.01905
34218,2009-03-02,-0.04981
34219,2009-03-03,-0.006325
34220,2009-03-04,0.025902
34221,2009-03-05,-0.041836
34222,2009-03-06,0.0016170000000000002
34223,2009-03-09,-0.01136
34224,2009-03-10,0.06338099999999999
34225,2009-03-11,0.004059
34226,2009-03-12,0.041915
34227,2009-03-13,0.006025
34228,2009-03-16,-0.00479
34229,2009-03-17,0.031010000000000006
34230,2009-03-18,0.022361
34231,2009-03-19,-0.00799
34232,2009-03-20,-0.0203
34233,2009-03-23,0.06905399999999999
34234,2009-03-24,-0.019962
34235,2009-03-25,0.009016
34236,2009-03-26,0.025259
34237,2009-03-27,-0.021632
34238,2009-03-30,-0.036229
34239,2009-03-31,0.014244
34240,2009-04-01,0.017208
34241,2009-04-02,0.031717
34242,2009-04-03,0.011632
34243,2009-04-06,-0.009799
34244,2009-04-07,-0.024644
34245,2009-04-08,0.013118
34246,2009-04-09,0.039485
34247,2009-04-13,0.003952000000000001
34248,2009-04-14,-0.019504
34249,2009-04-15,0.012434
34250,2009-04-16,0.016087
34251,2009-04-17,0.006018
34252,2009-04-20,-0.044751
34253,2009-04-21,0.022725
34254,2009-04-22,-0.005673
34255,2009-04-23,0.009216
34256,2009-04-24,0.018994
34257,2009-04-27,-0.011384
34258,2009-04-28,-0.002822
34259,2009-04-29,0.024493
34260,2009-04-30,-0.000435
34261,2009-05-01,0.00598
34262,2009-05-04,0.035866
34263,2009-05-05,-0.0034560000000000003
34264,2009-05-06,0.016030000000000003
34265,2009-05-07,-0.015464
34266,2009-05-08,0.027318
34267,2009-05-11,-0.020737
34268,2009-05-12,-0.00266
34269,2009-05-13,-0.031143
34270,2009-05-14,0.012408
34271,2009-05-15,-0.010643
34272,2009-05-18,0.033016000000000004
34273,2009-05-19,0.0005059999999999999
34274,2009-05-20,-0.0017870000000000004
34275,2009-05-21,-0.016572999999999997
34276,2009-05-22,-9.7e-05
34277,2009-05-26,0.028116
34278,2009-05-27,-0.017272
34279,2009-05-28,0.015061
34280,2009-05-29,0.014744
34281,2009-06-01,0.027024
34282,2009-06-02,0.003102
34283,2009-06-03,-0.017261000000000002
34284,2009-06-04,0.013638999999999998
34285,2009-06-05,-0.003115
34286,2009-06-08,-0.002647
34287,2009-06-09,0.005493
34288,2009-06-10,-0.002837
34289,2009-06-11,0.007218
34290,2009-06-12,-0.001359
34291,2009-06-15,-0.025417
34292,2009-06-16,-0.013118
34293,2009-06-17,-0.003016
34294,2009-06-18,0.006611
34295,2009-06-19,0.004106
34296,2009-06-22,-0.03315
34297,2009-06-23,0.002263
34298,2009-06-24,0.00894
34299,2009-06-25,0.021621
34300,2009-06-26,0.0008699999999999999
34301,2009-06-29,0.007693000000000002
34302,2009-06-30,-0.007753
34303,2009-07-01,0.006079
34304,2009-07-02,-0.028146
34305,2009-07-06,-0.001709
34306,2009-07-07,-0.019557
34307,2009-07-08,-0.003653
34308,2009-07-09,0.004872
34309,2009-07-10,-0.00339
34310,2009-07-13,0.023932
34311,2009-07-14,0.007252
34312,2009-07-15,0.031138
34313,2009-07-16,0.009457
34314,2009-07-17,-9.9e-05
34315,2009-07-20,0.013489
34316,2009-07-21,0.002491
34317,2009-07-22,0.000625
34318,2009-07-23,0.024245
34319,2009-07-24,0.004319
34320,2009-07-27,0.00343
34321,2009-07-28,-0.003762
34322,2009-07-29,-0.006490999999999999
34323,2009-07-30,0.01339
34324,2009-07-31,0.002684
34325,2009-08-03,0.017978
34326,2009-08-04,0.002504
34327,2009-08-05,-0.002039
34328,2009-08-06,-0.007495999999999998
34329,2009-08-07,0.013312
34330,2009-08-10,-0.004375
34331,2009-08-11,-0.013754
34332,2009-08-12,0.012274
34333,2009-08-13,0.008375
34334,2009-08-14,-0.010003
34335,2009-08-17,-0.026003
34336,2009-08-18,0.012012
34337,2009-08-19,0.006917
34338,2009-08-20,0.010675
34339,2009-08-21,0.018207
34340,2009-08-24,-0.0008619999999999999
34341,2009-08-25,0.002731
34342,2009-08-26,-0.0008
34343,2009-08-27,0.003054
34344,2009-08-28,-0.001423
34345,2009-08-31,-0.00918
34346,2009-09-01,-0.021946
34347,2009-09-02,-0.002636
34348,2009-09-03,0.010692
34349,2009-09-04,0.013982
34350,2009-09-08,0.010417
34351,2009-09-09,0.007776999999999998
34352,2009-09-10,0.011151
34353,2009-09-11,8e-05
34354,2009-09-14,0.006382
34355,2009-09-15,0.006169
34356,2009-09-16,0.016261
34357,2009-09-17,-0.003709000000000001
34358,2009-09-18,0.001857
34359,2009-09-21,-0.004268999999999999
34360,2009-09-22,0.008551999999999999
34361,2009-09-23,-0.01037
34362,2009-09-24,-0.012666
34363,2009-09-25,-0.0063490000000000005
34364,2009-09-28,0.017946
34365,2009-09-29,-0.001067
34366,2009-09-30,-0.00288
34367,2009-10-01,-0.027084
34368,2009-10-02,-0.005305
34369,2009-10-05,0.016008
34370,2009-10-06,0.014545
34371,2009-10-07,0.003054
34372,2009-10-08,0.009685
34373,2009-10-09,0.00524
34374,2009-10-12,0.003887
34375,2009-10-13,-0.001923
34376,2009-10-14,0.017816
34377,2009-10-15,0.0024010000000000004
34378,2009-10-16,-0.008152
34379,2009-10-19,0.009987
34380,2009-10-20,-0.007961
34381,2009-10-21,-0.008341
34382,2009-10-22,0.010135
34383,2009-10-23,-0.012721
34384,2009-10-26,-0.013199
34385,2009-10-27,-0.0063
34386,2009-10-28,-0.023836000000000003
34387,2009-10-29,0.023807
34388,2009-10-30,-0.028001
34389,2009-11-02,0.005083
34390,2009-11-03,0.005747
34391,2009-11-04,0.000868
34392,2009-11-05,0.019374
34393,2009-11-06,0.001553
34394,2009-11-09,0.023286
34395,2009-11-10,-0.000672
34396,2009-11-11,0.005482
34397,2009-11-12,-0.011722
34398,2009-11-13,0.0068260000000000005
34399,2009-11-16,0.015591999999999996
34400,2009-11-17,0.00124
34401,2009-11-18,-0.000941
34402,2009-11-19,-0.014008
34403,2009-11-20,-0.00393
34404,2009-11-23,0.012969
34405,2009-11-24,-0.001308
34406,2009-11-25,0.005832
34407,2009-11-27,-0.018551
34408,2009-11-30,0.003947
34409,2009-12-01,0.014008
34410,2009-12-02,0.002344
34411,2009-12-03,-0.008820999999999999
34412,2009-12-04,0.005362
34413,2009-12-07,-0.00158
34414,2009-12-08,-0.010582
34415,2009-12-09,0.003537
34416,2009-12-10,0.005291
34417,2009-12-11,0.003171
34418,2009-12-14,0.008465
34419,2009-12-15,-0.004612
34420,2009-12-16,0.0033
34421,2009-12-17,-0.012545
34422,2009-12-18,0.0060880000000000005
34423,2009-12-21,0.009733
34424,2009-12-22,0.004602
34425,2009-12-23,0.004718
34426,2009-12-24,0.005241
34427,2009-12-28,0.000984
34428,2009-12-29,-0.000931
34429,2009-12-30,-0.000668
34430,2009-12-31,-0.008657999999999999
34431,2010-01-04,0.01712
34432,2010-01-05,0.003368
34433,2010-01-06,0.002052
34434,2010-01-07,0.002854
34435,2010-01-08,0.004162
34436,2010-01-11,0.0011220000000000002
34437,2010-01-12,-0.01099
34438,2010-01-13,0.008639
34439,2010-01-14,0.00232
34440,2010-01-15,-0.011321
34441,2010-01-19,0.012053
34442,2010-01-20,-0.011061
34443,2010-01-21,-0.017736000000000002
34444,2010-01-22,-0.02099
34445,2010-01-25,0.003892
34446,2010-01-26,-0.004906000000000001
34447,2010-01-27,0.004153
34448,2010-01-28,-0.011294
34449,2010-01-29,-0.010282
34450,2010-02-01,0.015087
34451,2010-02-02,0.012228
34452,2010-02-03,-0.004966
34453,2010-02-04,-0.031957
34454,2010-02-05,0.002661
34455,2010-02-08,-0.00823
34456,2010-02-09,0.013881
34457,2010-02-10,-0.001473
34458,2010-02-11,0.012092
34459,2010-02-12,-0.000656
34460,2010-02-16,0.017966
34461,2010-02-17,0.00466
34462,2010-02-18,0.006187
34463,2010-02-19,0.002455
34464,2010-02-22,-0.001113
34465,2010-02-23,-0.013061
34466,2010-02-24,0.00852
34467,2010-02-25,-0.000715
34468,2010-02-26,0.001851
34469,2010-03-01,0.011972
34470,2010-03-02,0.004406
34471,2010-03-03,0.0016010000000000002
34472,2010-03-04,0.003093
34473,2010-03-05,0.014478
34474,2010-03-08,0.000735
34475,2010-03-09,0.001687
34476,2010-03-10,0.005052
34477,2010-03-11,0.003972
34478,2010-03-12,0.000743
34479,2010-03-15,-0.000685
34480,2010-03-16,0.008738
34481,2010-03-17,0.005597
34482,2010-03-18,-0.002025
34483,2010-03-19,-0.006887000000000001
34484,2010-03-22,0.005857
34485,2010-03-23,0.007664
34486,2010-03-24,-0.006608
34487,2010-03-25,-0.002439
34488,2010-03-26,0.0006490000000000001
34489,2010-03-29,0.006781000000000001
34490,2010-03-30,0.000456
34491,2010-03-31,-0.002771
34492,2010-04-01,0.008643000000000001
34493,2010-04-05,0.009537
34494,2010-04-06,0.002104
34495,2010-04-07,-0.005357
34496,2010-04-08,0.002841
34497,2010-04-09,0.006695
34498,2010-04-12,0.001783
34499,2010-04-13,0.000735
34500,2010-04-14,0.012321
34501,2010-04-15,9.4e-05
34502,2010-04-16,-0.016102
34503,2010-04-19,0.002259
34504,2010-04-20,0.0098
34505,2010-04-21,-0.000545
34506,2010-04-22,0.003579
34507,2010-04-23,0.00744
34508,2010-04-26,-0.0032090000000000005
34509,2010-04-27,-0.023834
34510,2010-04-28,0.005231
34511,2010-04-29,0.013618
34512,2010-04-30,-0.016824000000000002
34513,2010-05-03,0.012861
34514,2010-05-04,-0.025346
34515,2010-05-05,-0.009192
34516,2010-05-06,-0.032544
34517,2010-05-07,-0.015837
34518,2010-05-10,0.044894
34519,2010-05-11,-0.000931
34520,2010-05-12,0.016244
34521,2010-05-13,-0.010841
34522,2010-05-14,-0.019384
34523,2010-05-17,-0.000563
34524,2010-05-18,-0.013634
34525,2010-05-19,-0.007144
34526,2010-05-20,-0.040348
34527,2010-05-21,0.015276
34528,2010-05-24,-0.01203
34529,2010-05-25,-0.000157
34530,2010-05-26,-0.00287
34531,2010-05-27,0.03509
34532,2010-05-28,-0.011745
34533,2010-06-01,-0.0185
34534,2010-06-02,0.026559
34535,2010-06-03,0.004793
34536,2010-06-04,-0.035851
34537,2010-06-07,-0.014001
34538,2010-06-08,0.009216
34539,2010-06-09,-0.003829
34540,2010-06-10,0.029493
34541,2010-06-11,0.006185
34542,2010-06-14,1.2e-05
34543,2010-06-15,0.023845
34544,2010-06-16,-0.001212
34545,2010-06-17,0.000907
34546,2010-06-18,0.001705
34547,2010-06-21,-0.004316
34548,2010-06-22,-0.016131
34549,2010-06-23,-0.002925
34550,2010-06-24,-0.016248
34551,2010-06-25,0.0060490000000000006
34552,2010-06-28,-0.003123
34553,2010-06-29,-0.032865
34554,2010-06-30,-0.008942
34555,2010-07-01,-0.003937
34556,2010-07-02,-0.004746
34557,2010-07-06,0.0033130000000000004
34558,2010-07-07,0.030874
34559,2010-07-08,0.009559
34560,2010-07-09,0.0089
34561,2010-07-12,-0.001339
34562,2010-07-13,0.017184
34563,2010-07-14,-0.000637
34564,2010-07-15,0.00042
34565,2010-07-16,-0.028521
34566,2010-07-19,0.005
34567,2010-07-20,0.01263
34568,2010-07-21,-0.01284
34569,2010-07-22,0.023555
34570,2010-07-23,0.009625
34571,2010-07-26,0.011606
34572,2010-07-27,-0.002525
34573,2010-07-28,-0.00746
34574,2010-07-29,-0.002606
34575,2010-07-30,0.00152
34576,2010-08-02,0.020543
34577,2010-08-03,-0.005139
34578,2010-08-04,0.007461
34579,2010-08-05,-0.0024920000000000003
34580,2010-08-06,-0.003543
34581,2010-08-09,0.005841
34582,2010-08-10,-0.007991
34583,2010-08-11,-0.029199
34584,2010-08-12,-0.004668
34585,2010-08-13,-0.003872
34586,2010-08-16,0.00145
34587,2010-08-17,0.013884
34588,2010-08-18,0.002325
34589,2010-08-19,-0.0167
34590,2010-08-20,-0.00331
34591,2010-08-23,-0.004849
34592,2010-08-24,-0.014430000000000004
34593,2010-08-25,0.004571
34594,2010-08-26,-0.006640999999999999
34595,2010-08-27,0.018437
34596,2010-08-30,-0.01421
34597,2010-08-31,0.000124
34598,2010-09-01,0.029083
34599,2010-09-02,0.009531
34600,2010-09-03,0.012969
34601,2010-09-07,-0.011856
34602,2010-09-08,0.006321
34603,2010-09-09,0.003759
34604,2010-09-10,0.004483
34605,2010-09-13,0.012854
34606,2010-09-14,-0.000107
34607,2010-09-15,0.002958
34608,2010-09-16,-0.0007570000000000001
34609,2010-09-17,0.001131
34610,2010-09-20,0.015165
34611,2010-09-21,-0.003096
34612,2010-09-22,-0.005024
34613,2010-09-23,-0.008099
34614,2010-09-24,0.021173
34615,2010-09-27,-0.004455
34616,2010-09-28,0.00578
34617,2010-09-29,-0.001081
34618,2010-09-30,-0.001993
34619,2010-10-01,0.0049380000000000005
34620,2010-10-04,-0.008282
34621,2010-10-05,0.020549
34622,2010-10-06,-0.000341
34623,2010-10-07,-0.002127
34624,2010-10-08,0.007606
34625,2010-10-11,0.000551
34626,2010-10-12,0.003649
34627,2010-10-13,0.008783
34628,2010-10-14,-0.003668
34629,2010-10-15,0.000698
34630,2010-10-18,0.006289
34631,2010-10-19,-0.017199000000000002
34632,2010-10-20,0.011258
34633,2010-10-21,0.000277
34634,2010-10-22,0.002655
34635,2010-10-25,0.003725
34636,2010-10-26,-0.0004280000000000001
34637,2010-10-27,-0.003317
34638,2010-10-28,0.001143
34639,2010-10-29,0.001654
34640,2010-11-01,0.000144
34641,2010-11-02,0.009039
34642,2010-11-03,0.003447
34643,2010-11-04,0.01991
34644,2010-11-05,0.004011
34645,2010-11-08,-0.0008990000000000002
34646,2010-11-09,-0.00848
34647,2010-11-10,0.005429
34648,2010-11-11,-0.00362
34649,2010-11-12,-0.013378
34650,2010-11-15,-0.00133
34651,2010-11-16,-0.01684
34652,2010-11-17,0.00162
34653,2010-11-18,0.015549
34654,2010-11-19,0.003735
34655,2010-11-22,-0.000276
34656,2010-11-23,-0.014125
34657,2010-11-24,0.015663
34658,2010-11-26,-0.006875
34659,2010-11-29,-0.000913
34660,2010-11-30,-0.005785
34661,2010-12-01,0.020809
34662,2010-12-02,0.012215
34663,2010-12-03,0.003956
34664,2010-12-06,2.5e-05
34665,2010-12-07,0.000186
34666,2010-12-08,0.001545
34667,2010-12-09,0.003571
34668,2010-12-10,0.006422
34669,2010-12-13,0.000189
34670,2010-12-14,0.00028
34671,2010-12-15,-0.005251
34672,2010-12-16,0.005847
34673,2010-12-17,0.001558
34674,2010-12-20,0.001819
34675,2010-12-21,0.007181999999999998
34676,2010-12-22,0.003138
34677,2010-12-23,-0.001189
34678,2010-12-27,0.000674
34679,2010-12-28,0.00079
34680,2010-12-29,0.002732
34681,2010-12-30,-0.0008039999999999999
34682,2010-12-31,-0.000238
34683,2011-01-03,0.011205
34684,2011-01-04,-0.003888
34685,2011-01-05,0.005374
34686,2011-01-06,-0.002519
34687,2011-01-07,-0.001946
34688,2011-01-10,-0.000718
34689,2011-01-11,0.005025
34690,2011-01-12,0.00902
34691,2011-01-13,-0.001887
34692,2011-01-14,0.006638
34693,2011-01-18,0.002164
34694,2011-01-19,-0.01223
34695,2011-01-20,-0.003822
34696,2011-01-21,0.001269
34697,2011-01-24,0.006285
34698,2011-01-25,-0.000435
34699,2011-01-26,0.00733
34700,2011-01-27,0.002122
34701,2011-01-28,-0.017212
34702,2011-01-31,0.00762
34703,2011-02-01,0.01701
34704,2011-02-02,-0.002218
34705,2011-02-03,0.002926
34706,2011-02-04,0.002168
34707,2011-02-07,0.006122
34708,2011-02-08,0.004562
34709,2011-02-09,-0.00343
34710,2011-02-10,0.0013310000000000002
34711,2011-02-11,0.006107
34712,2011-02-14,0.00339
34713,2011-02-15,-0.0031850000000000003
34714,2011-02-16,0.007512
34715,2011-02-17,0.003948
34716,2011-02-18,0.001227
34717,2011-02-22,-0.021038
34718,2011-02-23,-0.0065450000000000005
34719,2011-02-24,-0.000131
34720,2011-02-25,0.012918
34721,2011-02-28,0.005333
34722,2011-03-01,-0.014888
34723,2011-03-02,0.00283
34724,2011-03-03,0.016072
34725,2011-03-04,-0.005889
34726,2011-03-07,-0.009398
34727,2011-03-08,0.008078
34728,2011-03-09,-0.002433
34729,2011-03-10,-0.019773
34730,2011-03-11,0.00695
34731,2011-03-14,-0.005471
34732,2011-03-15,-0.011143
34733,2011-03-16,-0.016628999999999998
34734,2011-03-17,0.012207
34735,2011-03-18,0.0048530000000000005
34736,2011-03-21,0.016431
34737,2011-03-22,-0.003235
34738,2011-03-23,0.002867
34739,2011-03-24,0.00854
34740,2011-03-25,0.00313
34741,2011-03-28,-0.003324
34742,2011-03-29,0.0071579999999999986
34743,2011-03-30,0.008221
34744,2011-03-31,-0.000603
34745,2011-04-01,0.005456
34746,2011-04-04,0.0011619999999999998
34747,2011-04-05,0.0013310000000000002
34748,2011-04-06,0.001737
34749,2011-04-07,-0.002255
34750,2011-04-08,-0.0033880000000000004
34751,2011-04-11,-0.00472
34752,2011-04-12,-0.009236
34753,2011-04-13,0.001303
34754,2011-04-14,0.000539
34755,2011-04-15,0.003963
34756,2011-04-18,-0.011611
34757,2011-04-19,0.00572
34758,2011-04-20,0.014266
34759,2011-04-21,0.005868
34760,2011-04-25,-0.001841
34761,2011-04-26,0.008147
34762,2011-04-27,0.0061600000000000005
34763,2011-04-28,0.00294
34764,2011-04-29,0.003121
34765,2011-05-02,-0.003566
34766,2011-05-03,-0.0066430000000000005
34767,2011-05-04,-0.007961
34768,2011-05-05,-0.009446
34769,2011-05-06,0.004605
34770,2011-05-09,0.006144
34771,2011-05-10,0.008468999999999999
34772,2011-05-11,-0.012234
34773,2011-05-12,0.004028
34774,2011-05-13,-0.008902
34775,2011-05-16,-0.006952
34776,2011-05-17,-0.000633
34777,2011-05-18,0.010736
34778,2011-05-19,0.002341
34779,2011-05-20,-0.006784999999999999
34780,2011-05-23,-0.012998
34781,2011-05-24,-0.000394
34782,2011-05-25,0.005075
34783,2011-05-26,0.005325
34784,2011-05-27,0.00511
34785,2011-05-31,0.010287
34786,2011-06-01,-0.023067
34787,2011-06-02,-0.000633
34788,2011-06-03,-0.009286
34789,2011-06-06,-0.012446
34790,2011-06-07,0.000282
34791,2011-06-08,-0.005968
34792,2011-06-09,0.0074480000000000015
34793,2011-06-10,-0.01408
34794,2011-06-13,-0.000903
34795,2011-06-14,0.013861000000000002
34796,2011-06-15,-0.017293
34797,2011-06-16,-0.000108
34798,2011-06-17,0.002163
34799,2011-06-20,0.005342
34800,2011-06-21,0.015891
34801,2011-06-22,-0.005474000000000001
34802,2011-06-23,-0.002584
34803,2011-06-24,-0.010561
34804,2011-06-27,0.008067
34805,2011-06-28,0.01369
34806,2011-06-29,0.008723
34807,2011-06-30,0.009707
34808,2011-07-01,0.013471
34809,2011-07-05,-1.8e-05
34810,2011-07-06,0.001148
34811,2011-07-07,0.010619
34812,2011-07-08,-0.006328
34813,2011-07-11,-0.019338
34814,2011-07-12,-0.003806
34815,2011-07-13,0.005000999999999999
34816,2011-07-14,-0.008041
34817,2011-07-15,0.006174
34818,2011-07-18,-0.009471
34819,2011-07-19,0.016156999999999998
34820,2011-07-20,5.600000000000001e-05
34821,2011-07-21,0.01225
34822,2011-07-22,0.001439
34823,2011-07-25,-0.006273
34824,2011-07-26,-0.004536999999999999
34825,2011-07-27,-0.02164
34826,2011-07-28,-0.002925
34827,2011-07-29,-0.005606
34828,2011-08-01,-0.00361
34829,2011-08-02,-0.025643
34830,2011-08-03,0.004954
34831,2011-08-04,-0.050349
34832,2011-08-05,-0.004785
34833,2011-08-08,-0.068664
34834,2011-08-09,0.051214
34835,2011-08-10,-0.038549
34836,2011-08-11,0.045247
34837,2011-08-12,0.004764
34838,2011-08-15,0.022829
34839,2011-08-16,-0.010894
34840,2011-08-17,0.0008449999999999999
34841,2011-08-18,-0.04531
34842,2011-08-19,-0.015358000000000004
34843,2011-08-22,3.7e-05
34844,2011-08-23,0.033737
34845,2011-08-24,0.011552
34846,2011-08-25,-0.015903
34847,2011-08-26,0.016437
34848,2011-08-29,0.029617
34849,2011-08-30,0.00376
34850,2011-08-31,0.005091
34851,2011-09-01,-0.012121
34852,2011-09-02,-0.024626
34853,2011-09-06,-0.008131999999999999
34854,2011-09-07,0.029134
34855,2011-09-08,-0.010869
34856,2011-09-09,-0.026578
34857,2011-09-12,0.00414
34858,2011-09-13,0.010801
34859,2011-09-14,0.012782
34860,2011-09-15,0.015462
34861,2011-09-16,0.003563
34862,2011-09-19,-0.010934
34863,2011-09-20,-0.004104
34864,2011-09-21,-0.029425
34865,2011-09-22,-0.034393
34866,2011-09-23,0.005756
34867,2011-09-26,0.021584
34868,2011-09-27,0.012842
34869,2011-09-28,-0.023685
34870,2011-09-29,0.00822
34871,2011-09-30,-0.024625
34872,2011-10-03,-0.031919
34873,2011-10-04,0.023616
34874,2011-10-05,0.019649
34875,2011-10-06,0.020555
34876,2011-10-07,-0.010923
34877,2011-10-10,0.034255
34878,2011-10-11,0.001062
34879,2011-10-12,0.011796
34880,2011-10-13,-0.002945
34881,2011-10-14,0.017728
34882,2011-10-17,-0.02084
34883,2011-10-18,0.020778
34884,2011-10-19,-0.014157
34885,2011-10-20,0.003883
34886,2011-10-21,0.019254
34887,2011-10-24,0.016758000000000002
34888,2011-10-25,-0.019816
34889,2011-10-26,0.011501
34890,2011-10-27,0.036207
34891,2011-10-28,0.000257
34892,2011-10-31,-0.024638
34893,2011-11-01,-0.028596
34894,2011-11-02,0.017069
34895,2011-11-03,0.01919
34896,2011-11-04,-0.00556
34897,2011-11-07,0.004913
34898,2011-11-08,0.011209
34899,2011-11-09,-0.03784
34900,2011-11-10,0.00742
34901,2011-11-11,0.019767
34902,2011-11-14,-0.00937
34903,2011-11-15,0.004531
34904,2011-11-16,-0.015088999999999997
34905,2011-11-17,-0.017204
34906,2011-11-18,-0.000294
34907,2011-11-21,-0.018647
34908,2011-11-22,-0.003934
34909,2011-11-23,-0.023237
34910,2011-11-25,-0.00363
34911,2011-11-28,0.030509
34912,2011-11-29,0.002265
34913,2011-11-30,0.043878
34914,2011-12-01,-0.002276
34915,2011-12-02,9.8e-05
34916,2011-12-05,0.010289
34917,2011-12-06,0.000388
34918,2011-12-07,0.00191
34919,2011-12-08,-0.022858
34920,2011-12-09,0.017730000000000003
34921,2011-12-12,-0.01554
34922,2011-12-13,-0.011232
34923,2011-12-14,-0.012733
34924,2011-12-15,0.003745000000000001
34925,2011-12-16,0.004961999999999999
34926,2011-12-19,-0.012648
34927,2011-12-20,0.030024
34928,2011-12-21,0.002021
34929,2011-12-22,0.00891
34930,2011-12-23,0.007861
34931,2011-12-27,1.9e-05
34932,2011-12-28,-0.013637
34933,2011-12-29,0.010773
34934,2011-12-30,-0.0025800000000000003
34935,2012-01-03,0.016152
34936,2012-01-04,-0.000447
34937,2012-01-05,0.002928
34938,2012-01-06,-0.002907
34939,2012-01-09,0.002815
34940,2012-01-10,0.01042
34941,2012-01-11,0.000951
34942,2012-01-12,0.003046
34943,2012-01-13,-0.005312
34944,2012-01-17,0.003904
34945,2012-01-18,0.012296
34946,2012-01-19,0.00558
34947,2012-01-20,0.0008810000000000002
34948,2012-01-23,0.0016059999999999998
34949,2012-01-24,-0.0008039999999999999
34950,2012-01-25,0.009956
34951,2012-01-26,-0.004907
34952,2012-01-27,0.000698
34953,2012-01-30,-0.003724
34954,2012-01-31,-7.6e-05
34955,2012-02-01,0.011173
34956,2012-02-02,0.001838
34957,2012-02-03,0.014663999999999996
34958,2012-02-06,-0.000989
34959,2012-02-07,0.001391
34960,2012-02-08,0.002189
34961,2012-02-09,0.001002
34962,2012-02-10,-0.008383
34963,2012-02-13,0.007439
34964,2012-02-14,-0.001546
34965,2012-02-15,-0.004222999999999999
34966,2012-02-16,0.012461
34967,2012-02-17,0.001387
34968,2012-02-21,0.000152
34969,2012-02-22,-0.003128
34970,2012-02-23,0.005699
34971,2012-02-24,0.001495
34972,2012-02-27,0.0008179999999999999
34973,2012-02-28,0.0029100000000000003
34974,2012-02-29,-0.005676
34975,2012-03-01,0.006806
34976,2012-03-02,-0.004921
34977,2012-03-05,-0.004551
34978,2012-03-06,-0.017379
34979,2012-03-07,0.007942
34980,2012-03-08,0.010859
34981,2012-03-09,0.004495
34982,2012-03-12,-0.001367
34983,2012-03-13,0.017606
34984,2012-03-14,-0.003919
34985,2012-03-15,0.006511
34986,2012-03-16,0.001335
34987,2012-03-19,0.003999
34988,2012-03-20,-0.004507
34989,2012-03-21,-0.001123
34990,2012-03-22,-0.008099
34991,2012-03-23,0.004472
34992,2012-03-26,0.013959
34993,2012-03-27,-0.003654
34994,2012-03-28,-0.005516
34995,2012-03-29,-0.001895
34996,2012-03-30,0.003351
34997,2012-04-02,0.008052
34998,2012-04-03,-0.004445
34999,2012-04-04,-0.01181
35000,2012-04-05,-0.000802
35001,2012-04-09,-0.011364
35002,2012-04-10,-0.018009
35003,2012-04-11,0.008509000000000001
35004,2012-04-12,0.015079
35005,2012-04-13,-0.012386
35006,2012-04-16,-0.000585
35007,2012-04-17,0.014948
35008,2012-04-18,-0.004028
35009,2012-04-19,-0.004658
35010,2012-04-20,0.001631
35011,2012-04-23,-0.009532
35012,2012-04-24,0.003249
35013,2012-04-25,0.013821
35014,2012-04-26,0.006807
35015,2012-04-27,0.003895000000000001
35016,2012-04-30,-0.004313
35017,2012-05-01,0.004869
35018,2012-05-02,-0.0020350000000000004
35019,2012-05-03,-0.009943
35020,2012-05-04,-0.015666
35021,2012-05-07,0.000556
35022,2012-05-08,-0.005348
35023,2012-05-09,-0.006016
35024,2012-05-10,0.002869
35025,2012-05-11,-0.002778
35026,2012-05-14,-0.01216
35027,2012-05-15,-0.006029
35028,2012-05-16,-0.004927
35029,2012-05-17,-0.015843
35030,2012-05-18,-0.008140000000000001
35031,2012-05-21,0.017751
35032,2012-05-22,-0.00047
35033,2012-05-23,0.002796
35034,2012-05-24,0.001002
35035,2012-05-25,-0.001539
35036,2012-05-29,0.011224
35037,2012-05-30,-0.015481
35038,2012-05-31,-0.001964
35039,2012-06-01,-0.024507
35040,2012-06-04,-0.001002
35041,2012-06-05,0.007847
35042,2012-06-06,0.022686
35043,2012-06-07,-0.001374
35044,2012-06-08,0.007125
35045,2012-06-11,-0.013951
35046,2012-06-12,0.011662
35047,2012-06-13,-0.006934999999999999
35048,2012-06-14,0.009494
35049,2012-06-15,0.010109
35050,2012-06-18,0.0022010000000000003
35051,2012-06-19,0.011614
35052,2012-06-20,-0.001473
35053,2012-06-21,-0.023449
35054,2012-06-22,0.007247
35055,2012-06-25,-0.015425
35056,2012-06-26,0.0048590000000000005
35057,2012-06-27,0.009026
35058,2012-06-28,-0.002125
35059,2012-06-29,0.02561
35060,2012-07-02,0.003868
35061,2012-07-03,0.00894
35062,2012-07-05,-0.004123
35063,2012-07-06,-0.009956
35064,2012-07-09,-0.002193
35065,2012-07-10,-0.008806999999999999
35066,2012-07-11,-0.000303
35067,2012-07-12,-0.00488
35068,2012-07-13,0.015253
35069,2012-07-16,-0.002467
35070,2012-07-17,0.006708
35071,2012-07-18,0.006246
35072,2012-07-19,0.0028190000000000003
35073,2012-07-20,-0.009908
35074,2012-07-23,-0.01014
35075,2012-07-24,-0.00941
35076,2012-07-25,0.000714
35077,2012-07-26,0.015498
35078,2012-07-27,0.018906
35079,2012-07-30,-0.000796
35080,2012-07-31,-0.004969
35081,2012-08-01,-0.004475
35082,2012-08-02,-0.00729
35083,2012-08-03,0.019216
35084,2012-08-06,0.0035280000000000008
35085,2012-08-07,0.006347
35086,2012-08-08,0.000184
35087,2012-08-09,0.001632
35088,2012-08-10,0.001878
35089,2012-08-13,-0.001901
35090,2012-08-14,-1e-05
35091,2012-08-15,0.002741
35092,2012-08-16,0.007898
35093,2012-08-17,0.002643
35094,2012-08-20,-0.000604
35095,2012-08-21,-0.002326
35096,2012-08-22,-0.000101
35097,2012-08-23,-0.0073269999999999984
35098,2012-08-24,0.005503
35099,2012-08-27,-0.000554
35100,2012-08-28,0.00025
35101,2012-08-29,0.001006
35102,2012-08-30,-0.0077909999999999984
35103,2012-08-31,0.005875
35104,2012-09-04,0.000683
35105,2012-09-05,-0.000603
35106,2012-09-06,0.019456
35107,2012-09-07,0.005651
35108,2012-09-10,-0.005679999999999999
35109,2012-09-11,0.003425
35110,2012-09-12,0.002643
35111,2012-09-13,0.015280000000000004
35112,2012-09-14,0.00614
35113,2012-09-17,-0.004545
35114,2012-09-18,-0.001779
35115,2012-09-19,0.001315
35116,2012-09-20,-0.001935
35117,2012-09-21,0.0004480000000000001
35118,2012-09-24,-0.003072
35119,2012-09-25,-0.010795
35120,2012-09-26,-0.005508
35121,2012-09-27,0.010037
35122,2012-09-28,-0.004496
35123,2012-10-01,0.002808
35124,2012-10-02,0.001179
35125,2012-10-03,0.00252
35126,2012-10-04,0.007665000000000002
35127,2012-10-05,-0.000144
35128,2012-10-08,-0.003573
35129,2012-10-09,-0.009778
35130,2012-10-10,-0.005548
35131,2012-10-11,0.001748
35132,2012-10-12,-0.0034950000000000003
35133,2012-10-15,0.007238
35134,2012-10-16,0.009928
35135,2012-10-17,0.005076
35136,2012-10-18,-0.0026920000000000004
35137,2012-10-19,-0.015629
35138,2012-10-22,0.000194
35139,2012-10-23,-0.012913
35140,2012-10-24,-0.002619
35141,2012-10-25,0.003295
35142,2012-10-26,-0.001378
35143,2012-10-31,0.002487
35144,2012-11-01,0.011187
35145,2012-11-02,-0.009744
35146,2012-11-05,0.002246
35147,2012-11-06,0.007865
35148,2012-11-07,-0.021054
35149,2012-11-08,-0.011558
35150,2012-11-09,0.000938
35151,2012-11-12,-0.00022
35152,2012-11-13,-0.004151
35153,2012-11-14,-0.014685
35154,2012-11-15,-0.002941
35155,2012-11-16,0.00619
35156,2012-11-19,0.019175
35157,2012-11-20,0.00099
35158,2012-11-21,0.003116
35159,2012-11-23,0.012714
35160,2012-11-26,-0.001648
35161,2012-11-27,-0.004425
35162,2012-11-28,0.0074870000000000015
35163,2012-11-29,0.005424
35164,2012-11-30,0.000261
35165,2012-12-03,-0.004218
35166,2012-12-04,-0.0012779999999999998
35167,2012-12-05,0.001759
35168,2012-12-06,0.00284
35169,2012-12-07,0.002525
35170,2012-12-10,0.001533
35171,2012-12-11,0.00615
35172,2012-12-12,0.000254
35173,2012-12-13,-0.00587
35174,2012-12-14,-0.003101
35175,2012-12-17,0.010176
35176,2012-12-18,0.011103
35177,2012-12-19,-0.004642
35178,2012-12-20,0.004884
35179,2012-12-21,-0.008487
35180,2012-12-24,-0.002205
35181,2012-12-26,-0.004958
35182,2012-12-27,-0.000675
35183,2012-12-28,-0.009273
35184,2012-12-31,0.016421
35185,2013-01-02,0.024984
35186,2013-01-03,-0.001907
35187,2013-01-04,0.0056240000000000005
35188,2013-01-07,-0.002554
35189,2013-01-08,-0.002216
35190,2013-01-09,0.0034
35191,2013-01-10,0.006801000000000001
35192,2013-01-11,0.00024700000000000004
35193,2013-01-14,-0.000348
35194,2013-01-15,0.001962
35195,2013-01-16,-0.000731
35196,2013-01-17,0.005922
35197,2013-01-18,0.002936
35198,2013-01-22,0.005185
35199,2013-01-23,0.000284
35200,2013-01-24,0.000646
35201,2013-01-25,0.005241
35202,2013-01-28,-0.00132
35203,2013-01-29,0.003618
35204,2013-01-30,-0.003872
35205,2013-01-31,-0.000787
35206,2013-02-01,0.00928
35207,2013-02-04,-0.011034
35208,2013-02-05,0.009256
35209,2013-02-06,0.001308
35210,2013-02-07,-0.002113
35211,2013-02-08,0.005389
35212,2013-02-11,-0.001002
35213,2013-02-12,0.002184
35214,2013-02-13,0.001387
35215,2013-02-14,0.0008470000000000001
35216,2013-02-15,-0.002002
35217,2013-02-19,0.006938
35218,2013-02-20,-0.01331
35219,2013-02-21,-0.007033
35220,2013-02-22,0.008675
35221,2013-02-25,-0.017138
35222,2013-02-26,0.005658
35223,2013-02-27,0.012262
35224,2013-02-28,-0.000638
35225,2013-03-01,0.001766
35226,2013-03-04,0.003656
35227,2013-03-05,0.009194
35228,2013-03-06,0.0016600000000000002
35229,2013-03-07,0.002326
35230,2013-03-08,0.004894
35231,2013-03-11,0.002693
35232,2013-03-12,-0.001933
35233,2013-03-13,0.000791
35234,2013-03-14,0.005947999999999999
35235,2013-03-15,-0.001519
35236,2013-03-18,-0.00532
35237,2013-03-19,-0.0029
35238,2013-03-20,0.007238
35239,2013-03-21,-0.007556
35240,2013-03-22,0.005839
35241,2013-03-25,-0.003075
35242,2013-03-26,0.0072879999999999985
35243,2013-03-27,-0.00012
35244,2013-03-28,0.004038
35245,2013-04-01,-0.005372999999999999
35246,2013-04-02,0.002712
35247,2013-04-03,-0.011847
35248,2013-04-04,0.003815
35249,2013-04-05,-0.003517
35250,2013-04-08,0.006628
35251,2013-04-09,0.003707
35252,2013-04-10,0.01161
35253,2013-04-11,0.003194
35254,2013-04-12,-0.003765
35255,2013-04-15,-0.025563
35256,2013-04-16,0.014659
35257,2013-04-17,-0.014663999999999996
35258,2013-04-18,-0.005704
35259,2013-04-19,0.009353
35260,2013-04-22,0.004274
35261,2013-04-23,0.010138
35262,2013-04-24,0.002181
35263,2013-04-25,0.004945000000000001
35264,2013-04-26,-0.0024690000000000003
35265,2013-04-29,0.007365000000000002
35266,2013-04-30,0.004086
35267,2013-05-01,-0.010612
35268,2013-05-02,0.00948
35269,2013-05-03,0.010376
35270,2013-05-06,0.002555
35271,2013-05-07,0.005135
35272,2013-05-08,0.005021
35273,2013-05-09,-0.003687
35274,2013-05-10,0.004662
35275,2013-05-13,-0.000627
35276,2013-05-14,0.009344
35277,2013-05-15,0.003943
35278,2013-05-16,-0.004595
35279,2013-05-17,0.009394
35280,2013-05-20,0.0006309999999999999
35281,2013-05-21,0.00161
35282,2013-05-22,-0.009642
35283,2013-05-23,-0.002434
35284,2013-05-24,-0.00102
35285,2013-05-28,0.006286
35286,2013-05-29,-0.006967
35287,2013-05-30,0.004201
35288,2013-05-31,-0.01356
35289,2013-06-03,0.00465
35290,2013-06-04,-0.005563
35291,2013-06-05,-0.013396000000000002
35292,2013-06-06,0.008976999999999999
35293,2013-06-07,0.01137
35294,2013-06-10,0.00019
35295,2013-06-11,-0.010876
35296,2013-06-12,-0.008124
35297,2013-06-13,0.015043
35298,2013-06-14,-0.005371
35299,2013-06-17,0.0071769999999999985
35300,2013-06-18,0.007354999999999999
35301,2013-06-19,-0.013406
35302,2013-06-20,-0.025742
35303,2013-06-21,0.001442
35304,2013-06-24,-0.012324
35305,2013-06-25,0.010326
35306,2013-06-26,0.008921
35307,2013-06-27,0.008115
35308,2013-06-28,-0.002796
35309,2013-07-01,0.006723000000000001
35310,2013-07-02,-0.001399
35311,2013-07-03,0.0004150000000000001
35312,2013-07-05,0.009014
35313,2013-07-08,0.005172
35314,2013-07-09,0.007716
35315,2013-07-10,0.000643
35316,2013-07-11,0.014621
35317,2013-07-12,0.002473
35318,2013-07-15,0.002323
35319,2013-07-16,-0.003775
35320,2013-07-17,0.002997
35321,2013-07-18,0.00545
35322,2013-07-19,0.00148
35323,2013-07-22,0.002796
35324,2013-07-23,-0.001168
35325,2013-07-24,-0.004915
35326,2013-07-25,0.003964
35327,2013-07-26,0.000147
35328,2013-07-29,-0.003749
35329,2013-07-30,0.00041
35330,2013-07-31,0.000197
35331,2013-08-01,0.012243
35332,2013-08-02,0.001332
35333,2013-08-05,-0.000731
35334,2013-08-06,-0.00657
35335,2013-08-07,-0.004526
35336,2013-08-08,0.005441
35337,2013-08-09,-0.001916
35338,2013-08-12,-0.000139
35339,2013-08-13,0.001499
35340,2013-08-14,-0.004084
35341,2013-08-15,-0.012961000000000002
35342,2013-08-16,-0.002932
35343,2013-08-19,-0.0070950000000000015
35344,2013-08-20,0.0056700000000000006
35345,2013-08-21,-0.006157
35346,2013-08-22,0.009118
35347,2013-08-23,0.004364
35348,2013-08-26,-0.002841
35349,2013-08-27,-0.016291999999999997
35350,2013-08-28,0.002623
35351,2013-08-29,0.003211
35352,2013-08-30,-0.004823
35353,2013-09-03,0.004521
35354,2013-09-04,0.007603
35355,2013-09-05,0.001815
35356,2013-09-06,0.001051
35357,2013-09-09,0.01084
35358,2013-09-10,0.007203
35359,2013-09-11,0.002748
35360,2013-09-12,-0.004001
35361,2013-09-13,0.002661
35362,2013-09-16,0.005149
35363,2013-09-17,0.0049770000000000005
35364,2013-09-18,0.012556
35365,2013-09-19,-0.001141
35366,2013-09-20,-0.00731
35367,2013-09-23,-0.004154
35368,2013-09-24,-0.001216
35369,2013-09-25,-0.001667
35370,2013-09-26,0.00396
35371,2013-09-27,-0.003601
35372,2013-09-30,-0.0048590000000000005
35373,2013-10-01,0.008707
35374,2013-10-02,-0.0006940000000000001
35375,2013-10-03,-0.008612
35376,2013-10-04,0.006731
35377,2013-10-07,-0.008472
35378,2013-10-08,-0.013079
35379,2013-10-09,-0.000452
35380,2013-10-10,0.020974
35381,2013-10-11,0.006886
35382,2013-10-14,0.004081
35383,2013-10-15,-0.00683
35384,2013-10-16,0.012775
35385,2013-10-17,0.00775
35386,2013-10-18,0.006939
35387,2013-10-21,0.000148
35388,2013-10-22,0.005529999999999999
35389,2013-10-23,-0.005297
35390,2013-10-24,0.004037
35391,2013-10-25,0.003133
35392,2013-10-28,0.000346
35393,2013-10-29,0.004418
35394,2013-10-30,-0.005653
35395,2013-10-31,-0.0035310000000000007
35396,2013-11-01,0.001404
35397,2013-11-04,0.00433
35398,2013-11-05,-0.002999
35399,2013-11-06,0.003015
35400,2013-11-07,-0.013880000000000002
35401,2013-11-08,0.012327
35402,2013-11-11,0.000993
35403,2013-11-12,-0.002247
35404,2013-11-13,0.008520999999999999
35405,2013-11-14,0.004565
35406,2013-11-15,0.004422
35407,2013-11-18,-0.004638000000000001
35408,2013-11-19,-0.003365
35409,2013-11-20,-0.0033
35410,2013-11-21,0.008669
35411,2013-11-22,0.004573
35412,2013-11-25,-0.001431
35413,2013-11-26,0.001066
35414,2013-11-27,0.0027370000000000003
35415,2013-11-29,0.000169
35416,2013-12-02,-0.003649
35417,2013-12-03,-0.003714
35418,2013-12-04,-0.00095
35419,2013-12-05,-0.003511
35420,2013-12-06,0.009669
35421,2013-12-09,0.001861
35422,2013-12-10,-0.002802
35423,2013-12-11,-0.012033
35424,2013-12-12,-0.002561
35425,2013-12-13,0.001295
35426,2013-12-16,0.006433
35427,2013-12-17,-0.002338
35428,2013-12-18,0.014483
35429,2013-12-19,-0.001027
35430,2013-12-20,0.006897
35431,2013-12-23,0.006227
35432,2013-12-24,0.0034659999999999995
35433,2013-12-26,0.003991
35434,2013-12-27,-8.4e-05
35435,2013-12-30,0.000278
35436,2013-12-31,0.004264
